101,Sampson,Karmen,MacGregor,Female,54,6E2086
102,Conrad,Joline,Sarten,Female,38,6E2086
103,Dwayne,Keefe,Milmoe,Male,22,6E2086
104,Trumann,Aurel,Neathway,Female,34,6E2086
105,Myron,Coreen,Jentle,Female,14,6E2086
106,Marve,Katerine,Shuttleworth,Female,30,6E2086
107,Cristian,Kalil,Stirley,Male,32,6E2086
108,Heath,Terrie,Tumilty,Female,45,6E2086
109,Roberto,Tandi,Belk,Female,67,6E2086
110,Mitchael,Caye,McCreary,Female,30,6E2086
111,Edmund,Ramon,Pee,Male,40,6E2086
112,Filmore,Lexis,Brunetti,Female,45,6E2086
113,Husein,Caryl,Mellers,Male,68,6E2086
114,Bondon,Josselyn,Cantos,Female,34,6E2086
115,Bo,Gerry,Berrill,Female,50,6E2086
116,Wilbur,Douglas,Dwire,Male,59,6E2086
117,Aguie,Robb,Restall,Male,29,AI6249
118,Giffer,Kerwin,Ranking,Non-binary,68,AI6249
119,Siegfried,Nonnah,Arnault,Female,30,AI6249
120,Loren,Jocelin,Cahn,Non-binary,53,AI6249
121,Jacques,Berte,Train,Bigender,68,AI6249
122,Hewie,Ricardo,St. Hill,Male,35,AI6249
123,Neils,Charyl,Willoughey,Female,57,AI6249
124,Clark,Rayner,Doddemeade,Male,21,AI6249
125,Florian,Marys,Pyle,Agender,59,AI6249
126,Riobard,Carolyne,Bucky,Female,56,AI6249
127,Nigel,Giana,Bellwood,Female,63,AI6249
128,Hermon,Judah,Twidale,Male,47,AI6249
129,Roscoe,Renate,Giddy,Female,42,AI6249
130,Nathanil,Gaston,Jackett,Male,10,AI6249
131,Kelvin,Angel,Baroch,Female,65,AI6249
132,Dalt,Carey,Pozzi,Male,18,AI6249
133,Kit,Stephanie,Orable,Female,30,AI6249
134,Fonsie,Reed,Crocken,Male,68,AI6249
135,Sigmund,Susie,Grinnell,Female,58,AI6249
136,Henri,Ruben,Scarrisbrick,Male,37,G86547
137,Dene,Lauretta,Dunnan,Agender,54,G86547
138,Iggy,Wilfrid,McLeod,Male,10,G86547
139,Alleyn,Starla,Greenly,Female,11,G86547
140,Benny,Emlynne,Orchard,Female,51,G86547
141,Reagen,Lenee,Berzins,Female,25,G86547
142,Dilan,Bayard,Dearle-Palser,Non-binary,35,G86547
143,Stavro,Crosby,Josuweit,Male,45,G86547
144,Conant,Chevy,Strotton,Male,41,G86547
145,Alexandr,Tiertza,Ausiello,Female,54,G86547
146,Chrotoem,Virginie,Shipley,Female,51,G86547
147,Jeffry,Emmy,Scimoni,Male,59,G86547
148,Gilbert,Ave,Gendrich,Male,41,G86547
149,Vidovik,Casie,Kaveney,Female,23,G86547
150,Dominic,Alysia,Caris,Female,42,G86547
151,Gonzales,Courtnay,Kurt,Female,42,G86547
152,Vanya,Luciano,Cumine,Male,18,G86547
153,Reuven,Damiano,Lieber,Male,15,G86547
154,Ulysses,Ezmeralda,Jakobssen,Female,59,G86547
155,Bartram,Batsheva,Oxer,Female,23,G86547
156,Zared,Tim,Hakeworth,Male,33,G86547
157,Harwell,Edy,Blue,Female,26,G86547
158,Shalom,Kandy,Snowball,Female,67,G86547
159,Artus,Lorenzo,Banting,Male,24,G86547
160,Dermot,Mildred,Langstrath,Female,11,G86547
161,Linus,Leicester,Georgescu,Male,22,6E6543
162,Phineas,Cecilio,A'Barrow,Male,55,6E6543
163,Zak,Gus,Stileman,Female,63,6E6543
164,Kerby,Kendra,Verey,Female,46,6E6543
165,Joseito,Moshe,Gulberg,Agender,38,6E6543
166,Jason,Ariel,Loader,Female,10,6E6543
167,Fax,Zack,Colqueran,Male,40,6E6543
168,Waverly,Ruperto,Mollin,Male,61,AI5214
169,Davon,Phil,Harries,Bigender,57,AI5214
170,Cammy,Patricio,Crosser,Male,54,AI5214
171,Frants,Katinka,Bockin,Female,55,AI5214
172,Ervin,Urbanus,Hambrick,Male,52,AI5214
173,Beaufort,Alyce,Thaw,Female,25,AI5214
174,Borg,Terry,Ledwith,Female,66,AI5214
175,Moses,Marquita,Cann,Female,40,AI5214
176,Rey,Karney,Zecchetti,Genderqueer,34,AI5214
177,Stavro,Zsa zsa,Swaine,Female,66,AI5214
178,Kin,Cahra,Evershed,Genderfluid,29,AI5214
179,Tabby,Lavinia,Kornilyev,Bigender,11,AI5214
180,Egbert,Rosamund,von Nassau,Female,37,AI5214
181,Egan,Emmalee,Bilbrook,Female,30,AI5214
182,Raimondo,Nickola,Haydock,Male,43,AI5214
183,Killie,Aviva,Candlish,Female,40,AI5214
184,Jay,Nonie,Littlecote,Female,32,AI5214
185,Prescott,Roley,Giscken,Male,62,AI5214
186,Dore,Merline,Druhan,Female,45,AI5214
187,Constantino,Arther,Starrs,Agender,67,G893012
188,Brade,Yancey,Jachimczak,Genderqueer,28,G893012
189,Leeland,Carree,Goodding,Female,35,G893012
190,Dino,Michael,Patrono,Male,51,G893012
191,Johann,Camila,Climson,Female,32,G893012
192,Rockwell,Penn,Chipperfield,Male,35,G893012
193,Graeme,Lizzie,Brack,Bigender,39,G893012
194,Mendy,Liana,Leary,Female,52,G893012
195,Penn,Mia,Gullifant,Polygender,21,G893012
196,Galven,Cherilyn,Pauleit,Agender,63,G893012
197,Hymie,Christophorus,Colley,Polygender,29,G893012
198,Steffen,Tiebout,Donald,Male,11,G893012
199,Vin,Wit,De Dantesie,Male,28,G893012
200,Langston,Alikee,Maxwale,Female,44,G893012
201,Vergil,Jedd,Menelaws,Male,19,G893012
202,Jamesy,Wolfie,Jorcke,Male,44,G893012
203,Parry,Rebe,Musprat,Female,52,G893012
204,Barnabe,Gaile,McCue,Male,26,G893012
205,Rainer,Taite,Saxelby,Male,67,G893012
206,Devy,Druci,Fridaye,Female,60,UK6092
207,Harold,Lesly,Orme,Female,65,UK6092
208,Archibold,Angus,Kays,Male,21,UK6092
209,Tirrell,Mathian,Bruinsma,Male,66,UK6092
210,Lewiss,Dreddy,Van der Krui,Female,67,UK6092
211,Torre,Jammie,Bratley,Female,37,UK6092
212,Basile,Avictor,Tuffley,Male,24,UK6092
213,Welby,Henrieta,Burdon,Female,69,UK6092
214,Berkly,Cris,Furmage,Male,49,UK6092
215,Vanya,Pierce,Southan,Male,32,UK6092
216,Darren,Yorgo,Ikin,Male,38,UK6092
217,Wilt,Tierney,Plaster,Genderqueer,59,UK6092
218,Ryun,Dahlia,Iannazzi,Female,24,UK6092
219,Dallas,Had,Denniston,Male,47,UK6092
220,Norton,Moyna,Tennant,Female,30,UK3201
221,Jerome,Ali,Gaythorpe,Bigender,10,UK3201
222,Dare,Orrin,Ricardou,Male,58,UK3201
223,Harley,Aksel,Jandl,Male,21,UK3201
224,Durward,Karel,Thyer,Male,12,UK3201
225,Rosco,Huntley,Bravey,Male,65,UK3201
226,Gustaf,Zachary,Higgonet,Male,28,UK3201
227,Quentin,Tobias,Salomon,Male,54,UK3201
228,Renault,Engracia,Lyptrit,Female,52,UK3201
229,Rockey,Roseann,Morrant,Female,57,UK3201
230,Murdock,Georgeta,Reitenbach,Female,34,UK3201
231,Colver,Rosemary,Stoddart,Genderfluid,45,UK3201
232,Yancey,Marni,Moyne,Female,20,UK3201
233,Thibaud,Francklyn,de Guerre,Male,38,UK3201
234,Terry,Kinny,Exelby,Male,43,UK3201
235,Chadd,Jonathon,Bent,Male,17,UK3201
236,Tallie,Dru,Hearne,Female,63,QP9312
237,Boyce,Artair,Landy,Male,23,QP9312
238,Fowler,Agneta,Dunabie,Female,18,QP9312
239,Theo,Henka,Leidl,Female,53,QP9312
240,Ruddy,Willy,Fuggle,Male,43,QP9312
241,Jed,Anton,Weld,Male,31,QP9312
242,Trace,Penni,Tedridge,Female,48,QP9312
243,Kristoffer,Ced,Klejin,Male,15,QP9312
244,Boonie,Shalom,Jaray,Male,39,QP9312
245,Richart,Emmery,Jannequin,Male,26,QP9312
246,Asher,Vance,Constantinou,Male,31,QP9312
247,Sayers,Elfreda,Bronot,Female,60,QP9312
248,Parnell,Wadsworth,Danels,Male,21,QP9312
249,Ernst,Winne,Domonkos,Female,59,QP9312
250,Cori,Torrance,Bolver,Bigender,47,QP9312
